[
  {
    "continent": "África",
    "cards": [
      {
        "id": "001",
        "destino": { "pais": "marruecos", "continente": "África" },
        "titulo": "Descubre Marrakech con Iberojet",
        "precio": "285,00",
        "aventura": "parapente",
        "imagen": "assets/img/img1.jpg"
      },
      {
        "id": "006",
        "destino": { "pais": "marruecos", "continente": "África" },
        "titulo": "Secretos de las pirámides",
        "precio": "310,00",
        "aventura": "quads",
        "imagen": "assets/img/img2.jpg"
      },
      {
        "id": "009",
        "destino": { "pais": "marruecos", "continente": "África" },
        "titulo": "Playas paradisíacas en Zanzíbar",
        "precio": "340,00",
        "aventura": "quads",
        "imagen": "assets/img/img3.jpg"
      }
    ]
  },
  {
    "continent": "Asia",
    "cards": [
      {
        "id": "002",
        "destino": { "pais": "japon", "continente": "Asia" },
        "titulo": "Explora Bangkok y sus templos",
        "precio": "399,00",
        "aventura": "Quads",
        "imagen": "assets/img/img2.jpg"
      },
      {
        "id": "007",
        "destino": { "pais": "japon", "continente": "Asia" },
        "titulo": "Luces y tradición en Tokio",
        "precio": "450,00",
        "aventura": "quads",
        "imagen": "assets/img/img1.jpg"
      },
      {
        "id": "010",
        "destino": { "pais": "japon", "continente": "Asia" },
        "titulo": "Relajación y surf en Bali",
        "precio": "520,00",
        "aventura": "Surf",
        "imagen": "assets/img/img3.jpg"
      },
      {
        "id": "011",
        "destino": { "pais": "japon", "continente": "Asia" },
        "titulo": "Cultura y sabores en Vietnam",
        "precio": "370,00",
        "aventura": "quads",
        "imagen": "assets/img/img4.jpg"
      },
      {
        "id": "012",
        "destino": { "pais": "japon", "continente": "Asia" },
        "titulo": "Tradición y modernidad en Corea",
        "precio": "495,00",
        "aventura": "quads",
        "imagen": "assets/img/img2.jpg"
      },
      {
        "id": "013",
        "destino": { "pais": "japon", "continente": "Asia" },
        "titulo": "Descubre la India auténtica",
        "precio": "430,00",
        "aventura": "quads",
        "imagen": "assets/img/img1.jpg"
      }
    ]
  }
]
